ds,SPY_Close,SPY_Volume,event
2020-01-02,300.2916564941406,59151200,none event
2020-01-03,298.0177001953125,77709700,ISM
2020-01-06,299.15460205078125,55653900,none event
2020-01-07,298.3134765625,40496400,none event
2020-01-08,299.9033203125,68296000,none event
2020-01-09,301.9368896484375,48473300,none event
2020-01-10,301.0679931640625,53029300,nonfarm payroll
2020-01-13,303.1385803222656,47086800,none event
2020-01-14,302.6763916015625,62832800,PPI
2020-01-15,303.3604431152344,72056600,CPI
2020-01-16,305.8838195800781,54050300,none event
2020-01-17,306.83599853515625,95846000,none event
2020-01-21,306.2351379394531,77742400,none event
2020-01-22,306.2720947265625,48914900,none event
2020-01-23,306.6233215332031,51963000,none event
2020-01-24,303.8964538574219,87578400,none event
2020-01-27,299.0252990722656,84062500,none event
2020-01-28,302.1588134765625,63834000,none event
2020-01-29,301.90911865234375,53888900,interest rate decision
2020-01-30,302.88897705078125,75491800,none event
2020-01-31,297.38916015625,113845600,none event
2020-02-03,299.5983581542969,69083000,ISM
2020-02-04,304.16461181640625,62573200,none event
2020-02-05,307.6770324707031,65951100,none event
2020-02-06,308.71234130859375,50359700,none event
2020-02-07,307.0669860839844,64139400,nonfarm payroll
2020-02-10,309.35931396484375,42070000,none event
2020-02-11,309.8955383300781,54864500,none event
2020-02-12,311.8921203613281,43992700,none event
2020-02-13,311.5593566894531,54501900,none event
2020-02-14,312.0584411621094,64582200,PPI
2020-02-18,311.2542724609375,57226200,none event
2020-02-19,312.742431640625,48814700,interest rate decision
2020-02-20,311.4576416015625,74163400,none event
2020-02-21,308.2500915527344,113788200,none event
2020-02-24,298.0269470214844,161088400,none event
2020-02-25,288.9960632324219,218913200,none event
2020-02-26,287.9330749511719,194773800,none event
2020-02-27,275.0014953613281,284353500,none event
2020-02-28,273.8460998535156,384975800,none event
2020-03-02,285.7054138183594,238703600,ISM
2020-03-03,277.5249938964844,300139100,none event
2020-03-04,289.190185546875,176613400,none event
2020-03-05,279.5770568847656,186366800,none event
2020-03-06,274.95526123046875,228667200,nonfarm payroll
2020-03-09,253.48280334472656,309417300,none event
2020-03-10,266.5992126464844,276444100,none event
2020-03-11,253.60293579101562,255316300,none event
2020-03-12,229.3389129638672,392220700,PPI
2020-03-13,248.9442138671875,329566100,none event
2020-03-16,221.70387268066406,297240000,none event
2020-03-17,233.67410278320312,262070500,none event
2020-03-18,221.84254455566406,327597100,interest rate decision
2020-03-19,222.3138885498047,289322000,none event
2020-03-20,212.7334747314453,347158800,none event
2020-03-23,207.29428100585938,326025200,none event
2020-03-24,226.07582092285156,235494500,none event
2020-03-25,229.460205078125,299430300,none event
2020-03-26,242.85833740234375,257632800,none event
2020-03-27,235.6246337890625,224341200,none event
2020-03-30,243.2767333984375,171369500,none event
2020-03-31,239.6505889892578,194881100,none event
2020-04-01,228.8651580810547,189554600,ISM
2020-04-02,234.14630126953125,177660400,none event
2020-04-03,230.76190185546875,135561200,nonfarm payroll
2020-04-06,246.26133728027344,188061200,none event
2020-04-07,246.5124053955078,201427200,none event
2020-04-08,254.78738403320312,153774500,none event
2020-04-09,258.6645812988281,189999200,PPI
2020-04-13,256.302978515625,114839100,none event
2020-04-14,263.86199951171875,134143400,none event
2020-04-15,258.25543212890625,121775000,none event
2020-04-16,259.5013732910156,131798300,none event
2020-04-17,266.51190185546875,146684800,none event
2020-04-20,261.8164978027344,100109300,none event
2020-04-21,253.8669891357422,126385700,none event
2020-04-22,259.5013732910156,92951600,none event
2020-04-23,259.4827575683594,104709700,none event
2020-04-24,263.0997009277344,85063200,none event
2020-04-27,266.8930969238281,77896600,none event
2020-04-28,265.6658020019531,105270000,none event
2020-04-29,272.62054443359375,118745600,interest rate decision
2020-04-30,270.0822448730469,122901700,none event
2020-05-01,262.9322509765625,125180000,ISM
2020-05-04,263.65753173828125,80873200,none event
2020-05-05,266.0935363769531,79569900,none event
2020-05-06,264.28973388671875,73632600,none event
2020-05-07,267.4788818359375,75250400,none event
2020-05-08,271.9046325683594,76452400,nonfarm payroll
2020-05-11,271.9604187011719,79514200,none event
2020-05-12,266.539794921875,95870800,none event
2020-05-13,261.8258056640625,144721100,PPI
2020-05-14,264.9591979980469,121977900,none event
2020-05-15,266.1771545410156,111146300,none event
2020-05-18,274.28485107421875,119703800,none event
2020-05-19,271.4676818847656,95189300,none event
2020-05-20,276.0792541503906,85861700,none event
2020-05-21,274.17333984375,78293900,none event
2020-05-22,274.6939697265625,63958200,none event
2020-05-26,278.0783996582031,88951400,none event
2020-05-27,282.21588134765625,104817400,none event
2020-05-28,281.69525146484375,90405200,none event
2020-05-29,282.950439453125,119090800,none event
2020-06-01,284.093994140625,55758300,ISM
2020-06-02,286.4463806152344,74267200,none event
2020-06-03,290.2584228515625,92567600,none event
2020-06-04,289.4960632324219,75794400,none event
2020-06-05,296.9156188964844,150524700,nonfarm payroll
2020-06-08,300.50469970703125,73641200,none event
2020-06-09,298.263916015625,77479200,none event
2020-06-10,296.599609375,95000800,interest rate decision
2020-06-11,279.50091552734375,209243600,PPI
2020-06-12,282.8480529785156,194678900,none event
2020-06-15,285.48870849609375,135782700,none event
2020-06-16,290.9836730957031,137627500,none event
2020-06-17,289.7750244140625,83398900,none event
2020-06-18,289.8865966796875,80828700,none event
2020-06-19,288.22991943359375,135549600,none event
2020-06-22,290.07891845703125,74649400,none event
2020-06-23,291.41436767578125,68471200,none event
2020-06-24,283.98077392578125,132813500,none event
2020-06-25,287.02520751953125,89468000,none event
2020-06-26,280.20794677734375,127961000,none event
2020-06-29,284.32635498046875,79773300,none event
2020-06-30,287.9683837890625,113394800,none event
2020-07-01,289.9855651855469,72396500,ISM
2020-07-02,291.5825500488281,69344200,nonfarm payroll
2020-07-06,296.08367919921875,61713800,none event
2020-07-07,293.0299987792969,82910000,none event
2020-07-08,295.2713317871094,54638600,none event
2020-07-09,293.5903015136719,83354200,none event
2020-07-10,296.5880126953125,57550400,PPI
2020-07-13,294.0198669433594,102997500,none event
2020-07-14,297.8300476074219,93657000,none event
2020-07-15,300.5662841796875,87196500,none event
2020-07-16,299.5764465332031,54622500,none event
2020-07-17,300.4449462890625,62774900,none event
2020-07-20,302.8729248046875,56308800,none event
2020-07-21,303.517333984375,57292200,none event
2020-07-22,305.2449645996094,57792900,none event
2020-07-23,301.6029052734375,75738000,none event
2020-07-24,299.6604919433594,73766600,none event
2020-07-27,301.845703125,48293000,none event
2020-07-28,299.9313049316406,57495000,none event
2020-07-29,303.6200866699219,48454200,interest rate decision
2020-07-30,302.53680419921875,61861700,none event
2020-07-31,304.927490234375,84986800,none event
2020-08-03,307.04736328125,53077900,ISM
2020-08-04,308.23333740234375,41917900,none event
2020-08-05,310.1478271484375,42697700,none event
2020-08-06,312.22100830078125,43679400,none event
2020-08-07,312.44512939453125,57308300,nonfarm payroll
2020-08-10,313.3790588378906,44282100,none event
2020-08-11,310.79217529296875,69601100,PPI
2020-08-12,315.1253356933594,53774400,none event
2020-08-13,314.5556640625,41816100,none event
2020-08-14,314.5649719238281,47260400,none event
2020-08-17,315.5643310546875,35481000,none event
2020-08-18,316.24603271484375,38733900,none event
2020-08-19,314.92926025390625,68054200,none event
2020-08-20,315.9098205566406,42207800,none event
2020-08-21,317.0304260253906,55106600,none event
2020-08-24,320.2429504394531,48588700,none event
2020-08-25,321.3636779785156,38463400,none event
2020-08-26,324.5854797363281,50790200,none event
2020-08-27,325.2951354980469,58034100,none event
2020-08-28,327.39642333984375,48588900,none event
2020-08-31,326.2104797363281,66099200,none event
2020-09-01,329.2828674316406,54908700,ISM
2020-09-02,334.0455627441406,69540000,none event
2020-09-03,322.54974365234375,148011100,none event
2020-09-04,319.9161376953125,139156300,nonfarm payroll
2020-09-08,311.175048828125,114465300,none event
2020-09-09,317.3199768066406,91462300,none event
2020-09-10,311.8101806640625,90569500,PPI
2020-09-11,311.9689025878906,84680200,none event
2020-09-14,316.0778503417969,65605700,none event
2020-09-15,317.67486572265625,52920900,none event
2020-09-16,316.4140930175781,82096000,interest rate decision
2020-09-17,313.6312255859375,91523300,none event
2020-09-18,310.0203552246094,105877900,none event
2020-09-21,306.57000732421875,99450800,none event
2020-09-22,309.6922912597656,63612100,none event
2020-09-23,302.5101623535156,93112200,none event
2020-09-24,303.3165283203125,76681300,none event
2020-09-25,308.22027587890625,71069400,none event
2020-09-28,313.339599609375,64584600,none event
2020-09-29,311.633056640625,51304000,none event
2020-09-30,313.99591064453125,104081100,none event
2020-10-01,316.01171875,88698700,ISM
2020-10-02,313.0113830566406,89431100,nonfarm payroll
2020-10-05,318.56201171875,45713100,none event
2020-10-06,314.0333557128906,90128900,none event
2020-10-07,319.4997253417969,56999600,none event
2020-10-08,322.33123779296875,45242500,none event
2020-10-09,325.2097473144531,59528600,PPI
2020-10-12,330.4415588378906,80388500,none event
2020-10-13,328.28509521484375,73255500,none event
2020-10-14,326.2222900390625,57727900,none event
2020-10-15,325.8191223144531,60357700,none event
2020-10-16,325.6222229003906,89501900,none event
2020-10-19,320.67169189453125,68425600,none event
2020-10-20,321.9562072753906,60051900,none event
2020-10-21,321.3467102050781,63575000,none event
2020-10-22,323.1094665527344,55399300,none event
2020-10-23,324.20648193359375,49143900,none event
2020-10-26,318.2151794433594,91473000,none event
2020-10-27,317.1181640625,65994100,none event
2020-10-28,306.2793884277344,127094300,interest rate decision
2020-10-29,309.39215087890625,90597700,none event
2020-10-30,306.1668701171875,120287300,none event
2020-11-02,309.5985412597656,86068300,none event
2020-11-03,315.0648193359375,93294200,none event
2020-11-04,322.106201171875,126959700,none event
2020-11-05,328.3881530761719,82039700,none event
2020-11-06,328.31317138671875,74973000,none event
2020-11-09,332.43865966796875,172304200,none event
2020-11-10,331.95111083984375,85552000,none event
2020-11-11,334.41705322265625,58649000,none event
2020-11-12,331.1728515625,67546200,none event
2020-11-13,335.7578125,62892200,none event
2020-11-16,339.9488830566406,74541100,none event
2020-11-17,338.1205139160156,66111000,none event
2020-11-18,334.0513610839844,70591300,none event
2020-11-19,335.4577941894531,59940900,none event
2020-11-20,333.16064453125,70417300,none event
2020-11-23,335.1576843261719,63230600,none event
2020-11-24,340.55841064453125,62415900,none event
2020-11-25,340.0333251953125,45330900,none event
2020-11-27,340.9803161621094,28514100,none event
2020-11-30,339.470703125,83872700,none event
2020-12-01,343.18365478515625,74231400,none event
2020-12-02,343.9056091308594,45927000,none event
2020-12-03,343.8118591308594,62882000,none event
2020-12-04,346.77471923828125,50749900,none event
2020-12-07,346.0621337890625,48944300,none event
2020-12-08,347.07476806640625,42458900,none event
2020-12-09,343.9618835449219,74098300,none event
2020-12-10,343.849365234375,57735400,none event
2020-12-11,343.4461975097656,57698600,none event
2020-12-14,341.90850830078125,69216200,none event
2020-12-15,346.53094482421875,63865300,none event
2020-12-16,347.07476806640625,58420500,none event
2020-12-17,349.0154724121094,64119500,none event
2020-12-18,347.62200927734375,136542300,none event
2020-12-21,346.3790283203125,96386700,none event
2020-12-22,345.7953186035156,47949000,none event
2020-12-23,346.1060485839844,46201400,none event
2020-12-24,347.4525146484375,26457900,none event
2020-12-28,350.4374694824219,39000400,none event
2020-12-29,349.768798828125,53680500,none event
2020-12-30,350.2679138183594,49455300,none event
2020-12-31,352.0475769042969,78520700,none event
2021-01-04,347.2547912597656,110210800,none event
2021-01-05,349.646484375,66426200,none event
2021-01-06,351.73681640625,107997700,none event
2021-01-07,356.9627380371094,68766800,none event
2021-01-08,358.99664306640625,71677200,none event
2021-01-11,356.5766906738281,51034700,none event
2021-01-12,356.6519775390625,52547700,none event
2021-01-13,357.6124267578125,45303600,none event
2021-01-14,356.3600769042969,49989100,none event
2021-01-15,353.7613220214844,107160000,none event
2021-01-19,356.5390319824219,51233300,none event
2021-01-20,361.47308349609375,61836100,none event
2021-01-21,361.8026123046875,47840100,none event
2021-01-22,360.52191162109375,52860500,none event
2021-01-25,361.9438781738281,70402000,none event
2021-01-26,361.37884521484375,42665300,none event
2021-01-27,352.5466003417969,123351100,none event
2021-01-28,355.57861328125,94198100,none event
2021-01-29,348.4600524902344,126765100,none event
2021-02-01,354.2603759765625,75817600,none event
2021-02-02,359.2696533203125,64450700,none event
2021-02-03,359.55218505859375,52427100,none event
2021-02-04,363.6387023925781,47142600,none event
2021-02-05,365.06988525390625,48669800,none event
2021-02-08,367.7064514160156,38365200,none event
2021-02-09,367.4615783691406,35551100,none event
2021-02-10,367.301513671875,59154400,none event
2021-02-11,367.89483642578125,42913300,none event
2021-02-12,369.71209716796875,50593300,none event
2021-02-16,369.39190673828125,50972400,none event
2021-02-17,369.4766845703125,52290600,none event
2021-02-18,367.9041748046875,59712800,none event
2021-02-19,367.2544860839844,83241000,none event
2021-02-22,364.4296875,67414200,none event
2021-02-23,364.87225341796875,107284100,none event
2021-02-24,368.8928527832031,72433900,none event
2021-02-25,360.0041809082031,146670500,none event
2021-02-26,358.1491394042969,152701600,none event
2021-03-01,366.83074951171875,105348800,none event
2021-03-02,363.96826171875,79595300,none event
2021-03-03,359.1472473144531,119940200,none event
2021-03-04,354.702880859375,183433000,none event
2021-03-05,361.2282409667969,152039600,none event
2021-03-08,359.4297180175781,123149200,none event
2021-03-09,364.5615539550781,113633600,none event
2021-03-10,366.83074951171875,109899400,none event
2021-03-11,370.5501403808594,86245000,none event
2021-03-12,371.0491638183594,64653600,none event
2021-03-15,373.26190185546875,73427200,none event
2021-03-16,372.79119873046875,73722500,none event
2021-03-17,374.06231689453125,97959300,none event
2021-03-18,368.61981201171875,115349100,none event
2021-03-19,367.9377746582031,113624500,none event
2021-03-22,370.8757629394531,73778600,none event
2021-03-23,367.9566955566406,90686600,none event
2021-03-24,366.0862121582031,97588600,none event
2021-03-25,368.1455993652344,116128600,none event
2021-03-26,374.0782165527344,114409100,none event
2021-03-29,373.8892822265625,108107600,none event
2021-03-30,372.8974304199219,76262200,none event
2021-03-31,374.40887451171875,112734200,none event
2021-04-01,378.45208740234375,99682900,none event
2021-04-05,383.88409423828125,91684800,none event
2021-04-06,383.6574401855469,62021000,none event
2021-04-07,384.1014099121094,55836300,none event
2021-04-08,385.9245910644531,57863100,none event
2021-04-09,388.7303466796875,61104600,none event
2021-04-12,388.87213134765625,56704900,none event
2021-04-13,390.02459716796875,56551000,none event
2021-04-14,388.6925964355469,61659900,none event
2021-04-15,392.8681335449219,60229800,none event
2021-04-16,394.1812438964844,82037300,none event
2021-04-19,392.2446594238281,78498500,none event
2021-04-20,389.3727722167969,81851800,none event
2021-04-21,393.0570068359375,66793000,none event
2021-04-22,389.4672546386719,97582800,none event
2021-04-23,393.69000244140625,73209200,none event
2021-04-26,394.5118408203125,52182400,none event
2021-04-27,394.4268493652344,51303100,none event
2021-04-28,394.3135070800781,51238900,none event
2021-04-29,396.8263854980469,78544300,none event
2021-04-30,394.2190246582031,85527000,none event
2021-05-03,395.06927490234375,68128300,none event
2021-05-04,392.63201904296875,101591200,none event
2021-05-05,392.7547302246094,60162200,none event
2021-05-06,395.8911437988281,74321400,none event
2021-05-07,398.7724304199219,67733800,none event
2021-05-10,394.8236083984375,81852400,none event
2021-05-11,391.2999267578125,116888000,none event
2021-05-12,382.9866638183594,134811000,none event
2021-05-13,387.5872802734375,106394000,none event
2021-05-14,393.5387878417969,82201600,none event
2021-05-17,392.5374755859375,65129200,none event
2021-05-18,389.155517578125,59810200,none event
2021-05-19,388.1352844238281,106467100,none event
2021-05-20,392.3107604980469,78022200,none event
2021-05-21,391.98956298828125,76578700,none event
2021-05-24,395.985595703125,51376700,none event
2021-05-25,395.10699462890625,57451400,none event
2021-05-26,395.8911437988281,43088600,none event
2021-05-27,396.09893798828125,56707700,none event
2021-05-28,396.8074951171875,58520200,none event
2021-06-01,396.45794677734375,54216600,none event
2021-06-02,397.0813903808594,49097100,none event
2021-06-03,395.6076965332031,58138800,none event
2021-06-04,399.2259216308594,55938800,none event
2021-06-07,398.8385925292969,51555000,none event
2021-06-08,398.9235534667969,47134300,none event
2021-06-09,398.328369140625,48436300,none event
2021-06-10,400.1800231933594,51020100,none event
2021-06-11,400.8412780761719,45570800,none event
2021-06-14,401.7387390136719,42358500,none event
2021-06-15,401.0019226074219,51508500,none event
2021-06-16,398.76300048828125,80386100,none event
2021-06-17,398.6307067871094,90949700,none event
2021-06-18,393.2530212402344,118676300,none event
2021-06-21,398.8828430175781,72822000,none event
2021-06-22,401.01531982421875,57700300,none event
2021-06-23,400.531982421875,49445400,none event
2021-06-24,402.9014587402344,45110300,none event
2021-06-25,404.33258056640625,58129500,none event
2021-06-28,405.1476745605469,53159600,none event
2021-06-29,405.3657531738281,35970500,none event
2021-06-30,405.70684814453125,64827900,none event
2021-07-01,407.953125,53441000,none event
2021-07-02,411.0712890625,57697700,none event
2021-07-06,410.322509765625,68710400,none event
2021-07-07,411.77264404296875,63549500,none event
2021-07-08,408.4175720214844,97595200,none event
2021-07-09,412.7773132324219,76238600,none event
2021-07-12,414.2558288574219,52889600,none event
2021-07-13,412.8436279296875,52911300,none event
2021-07-14,413.4596862792969,64130400,none event
2021-07-15,412.0475158691406,55126400,none event
2021-07-16,408.8155517578125,75874700,none event
2021-07-19,402.7781982421875,147987000,none event
2021-07-20,408.55023193359375,99608200,none event
2021-07-21,411.8579406738281,64724400,none event
2021-07-22,412.720458984375,47878500,none event
2021-07-23,416.9664611816406,63766600,none event
2021-07-26,417.9900817871094,43719200,none event
2021-07-27,416.0849914550781,67397100,none event
2021-07-28,415.9144592285156,52472400,none event
2021-07-29,417.6394348144531,47435300,none event
2021-07-30,415.61114501953125,68951200,none event
2021-08-02,414.7391662597656,58783300,none event
2021-08-03,418.11328125,58053900,none event
2021-08-04,416.056640625,46732200,none event
2021-08-05,418.69146728515625,38969700,none event
2021-08-06,419.38336181640625,46930000,none event
2021-08-09,419.04217529296875,41222600,none event
2021-08-10,419.5634460449219,43339300,none event
2021-08-11,420.6059875488281,44034300,none event
2021-08-12,421.86651611328125,38909400,none event
2021-08-13,422.63421630859375,39470300,none event
2021-08-16,423.62939453125,73740000,none event
2021-08-17,420.8524475097656,92673900,none event
2021-08-18,416.24615478515625,89351900,none event
2021-08-19,416.8905944824219,92812200,none event
2021-08-20,420.2079772949219,72008700,none event
2021-08-23,423.9042663574219,54973000,none event
2021-08-24,424.5771179199219,38744700,none event
2021-08-25,425.4681091308594,40529700,none event
2021-08-26,422.95648193359375,57829600,none event
2021-08-27,426.7381286621094,77235100,none event
2021-08-30,428.61468505859375,48357400,none event
2021-08-31,427.9796447753906,59300200,none event
2021-09-01,428.2071533203125,48721400,none event
2021-09-02,429.5245666503906,42501000,none event
2021-09-03,429.42034912109375,47170500,none event
2021-09-07,427.8848571777344,51671500,none event
2021-09-08,427.3636779785156,56181900,none event
2021-09-09,425.53448486328125,57970400,none event
2021-09-10,422.1793518066406,89948200,none event
2021-09-13,423.2597351074219,83738600,none event
2021-09-14,420.9756164550781,78197100,none event
2021-09-15,424.491943359375,78792200,none event
2021-09-16,423.8189697265625,77786700,none event
2021-09-17,419.6904296875,118425000,none event
2021-09-20,412.6925354003906,166445500,none event
2021-09-21,412.3027038574219,92526100,none event
2021-09-22,416.3245849609375,102350100,none event
2021-09-23,421.3829650878906,76396000,none event
2021-09-24,422.07708740234375,62094800,none event
2021-09-27,420.8695983886719,61371100,none event
2021-09-28,412.3882141113281,130436300,none event
2021-09-29,413.082275390625,82329200,none event
2021-09-30,408.03350830078125,140506000,none event
2021-10-01,412.8826599121094,129240100,none event
2021-10-04,407.5580749511719,128570000,none event
2021-10-05,411.7986755371094,90682500,none event
2021-10-06,413.51025390625,113032200,none event
2021-10-07,417.08526611328125,72437500,none event
2021-10-08,416.3245849609375,74557400,none event
2021-10-11,413.310546875,65233300,none event
2021-10-12,412.2931823730469,71181200,none event
2021-10-13,413.7764587402344,72974000,none event
2021-10-14,420.7364196777344,70236800,none event
2021-10-15,423.94061279296875,66260200,none event
2021-10-18,425.19573974609375,62213200,none event
2021-10-19,428.47613525390625,46996800,none event
2021-10-20,430.15899658203125,49571600,none event
2021-10-21,431.28094482421875,41305400,none event
2021-10-22,430.8341064453125,58845100,none event
2021-10-25,433.14453125,45214500,none event
2021-10-26,433.534423828125,56075100,none event
2021-10-27,431.61376953125,72438000,none event
2021-10-28,435.7783203125,51437900,none event
2021-10-29,436.6625061035156,70162400,none event
2021-11-01,437.4136962890625,48433600,none event
2021-11-02,439.1822204589844,48908400,none event
2021-11-03,441.86358642578125,52509800,none event
2021-11-04,443.94586181640625,52847100,none event
2021-11-05,445.4861755371094,66390600,none event
2021-11-08,445.8664245605469,50405200,none event
2021-11-09,444.3927307128906,51149100,none event
2021-11-10,440.817626953125,69429700,none event
2021-11-11,440.9602355957031,34848500,none event
2021-11-12,444.2881164550781,53466700,none event
2021-11-15,444.4402160644531,46980500,none event
2021-11-16,446.1993103027344,48857500,none event
2021-11-17,445.1153869628906,47858300,none event
2021-11-18,446.6271667480469,50625600,none event
2021-11-19,445.8284912109375,57315600,none event
2021-11-22,444.57342529296875,72762000,none event
2021-11-23,445.16290283203125,73206500,none event
2021-11-24,446.3514404296875,61858800,none event
2021-11-26,436.3963928222656,112669600,none event
2021-11-29,441.7494812011719,86268800,none event
2021-11-30,433.1540832519531,148559600,none event
2021-12-01,428.3429870605469,131939200,none event
2021-12-02,434.9035949707031,127637800,none event
2021-12-03,431.119384765625,137331600,none event
2021-12-06,436.22515869140625,98977500,none event
2021-12-07,445.24847412109375,95484700,none event
2021-12-08,446.4273986816406,72238800,none event
2021-12-09,443.41339111328125,61272600,none event
2021-12-10,447.5874938964844,77159800,none event
2021-12-13,443.6225891113281,87724700,none event
2021-12-14,440.5704040527344,97264100,none event
2021-12-15,447.454345703125,116899300,none event
2021-12-16,443.5084533691406,116568600,none event
2021-12-17,438.78826904296875,135511600,none event
2021-12-20,434.1224365234375,107134800,none event
2021-12-21,441.83197021484375,69806300,none event
2021-12-22,446.2497863769531,58890200,none event
2021-12-23,449.0263671875,56439700,none event
2021-12-27,455.38104248046875,56808600,none event
2021-12-28,455.0089416503906,47274600,none event
2021-12-29,455.5910339355469,54503000,none event
2021-12-30,454.3315124511719,55329000,none event
2021-12-31,453.1864929199219,65237400,none event
2022-01-03,455.8104553222656,72668200,none event
2022-01-04,455.6577453613281,71178700,none event
2022-01-05,446.9080810546875,104538900,none event
2022-01-06,446.48834228515625,86858900,none event
2022-01-07,444.7231140136719,85111600,none event
2022-01-10,444.1697998046875,119362000,none event
2022-01-11,448.2154235839844,74303100,none event
2022-01-12,449.4271240234375,67605400,none event
2022-01-13,443.234619140625,91173100,none event
2022-01-14,443.4159240722656,95890900,none event
2022-01-18,435.563232421875,109709100,none event
2022-01-19,431.04052734375,109357600,none event
2022-01-20,426.2696838378906,122379700,none event
2022-01-21,417.90179443359375,202271200,none event
2022-01-24,419.676513671875,251783900,none event
2022-01-25,414.5527038574219,167997300,none event
2022-01-26,413.51263427734375,186391100,none event
2022-01-27,411.47076416015625,149878300,none event
2022-01-28,421.6897277832031,164457400,none event
2022-01-31,429.284912109375,152251400,none event
2022-02-01,432.18548583984375,123155400,none event
2022-02-02,436.3838195800781,117361000,none event
2022-02-03,426.1265869140625,118024400,none event
2022-02-04,428.1303405761719,118454400,none event
2022-02-07,426.7563171386719,84472900,none event
2022-02-08,430.26763916015625,81012000,none event
2022-02-09,436.5651550292969,92589900,none event
2022-02-10,428.7218933105469,140103700,none event
2022-02-11,420.26806640625,153214600,none event
2022-02-14,418.89410400390625,123006300,none event
2022-02-15,425.6495666503906,88482700,none event
2022-02-16,426.1265869140625,84863600,none event
2022-02-17,417.0238952636719,102259100,none event
2022-02-18,414.3236999511719,132642900,none event
2022-02-22,409.8773193359375,124391800,none event
2022-02-23,402.6066589355469,132578000,none event
2022-02-24,408.66546630859375,213942900,none event
2022-02-25,417.6823425292969,121804500,none event
2022-02-28,416.6136169433594,145615000,none event
2022-03-01,410.2685546875,137785900,none event
2022-03-02,417.81591796875,117726500,none event
2022-03-03,415.7358093261719,105501700,none event
2022-03-04,412.3580627441406,113978200,none event
2022-03-07,400.2021179199219,137896600,none event
2022-03-08,397.16790771484375,164772700,none event
2022-03-09,407.8163146972656,116990800,none event
2022-03-10,405.97479248046875,93972700,none event
2022-03-11,400.81280517578125,95636300,none event
2022-03-14,397.88348388671875,95729200,none event
2022-03-15,406.6332092285156,106219100,none event
2022-03-16,415.64996337890625,144954800,none event
2022-03-17,420.85009765625,102676900,none event
2022-03-18,425.4595947265625,106345500,none event
2022-03-21,425.3351745605469,88349800,none event
2022-03-22,430.3122253417969,74650400,none event
2022-03-23,424.77044677734375,79426100,none event
2022-03-24,431.173583984375,64736900,none event
2022-03-25,433.2792663574219,77101300,none event
2022-03-28,436.3611755371094,68529800,none event
2022-03-29,441.75933837890625,86581500,none event
2022-03-30,439.03155517578125,79666900,none event
2022-03-31,432.27423095703125,121699900,none event
2022-04-01,433.4994201660156,89048800,none event
2022-04-04,437.2130432128906,59601000,none event
2022-04-05,431.69049072265625,74214500,none event
2022-04-06,427.3738708496094,106898000,none event
2022-04-07,429.5273742675781,78097200,none event
2022-04-08,428.3787841796875,79272700,none event
2022-04-11,421.05682373046875,89770500,none event
2022-04-12,419.4967041015625,84363600,none event
2022-04-13,424.30145263671875,74070400,none event
2022-04-14,419.01812744140625,97869500,none event
2022-04-18,419.1904296875,66002500,none event
2022-04-19,425.9573059082031,77821000,none event
2022-04-20,425.6414794921875,65224400,none event
2022-04-21,419.2765808105469,85417300,none event
2022-04-22,407.7720642089844,132471800,none event
2022-04-25,410.1361083984375,119647700,none event
2022-04-26,398.2582702636719,103996300,none event
2022-04-27,399.3780517578125,122030000,none event
2022-04-28,409.466064453125,105449100,none event
2022-04-29,394.3340148925781,145491100,none event
2022-05-02,396.7076721191406,158312500,none event
2022-05-03,398.5262145996094,100028200,none event
2022-05-04,410.66253662109375,144247900,none event
2022-05-05,396.06646728515625,172929100,none event
2022-05-06,393.70233154296875,151770800,none event
2022-05-09,381.0970764160156,155586100,none event
2022-05-10,381.9775390625,132497200,none event
2022-05-11,375.9094543457031,142361000,none event
2022-05-12,375.5169982910156,125090800,none event
2022-05-13,384.4948425292969,104174400,none event
2022-05-16,382.9346923828125,78622400,none event
2022-05-17,390.8117980957031,83029700,none event
2022-05-18,375.0575866699219,117674500,none event
2022-05-19,372.760498046875,98510700,none event
2022-05-20,372.9231872558594,131432200,none event
2022-05-23,379.9005432128906,76414900,none event
2022-05-24,377.0005798339844,91448800,none event
2022-05-25,380.3313293457031,91472900,none event
2022-05-26,387.9308776855469,82168300,none event
2022-05-27,397.4542236328125,84768700,none event
2022-05-31,395.22406005859375,95937000,none event
2022-06-01,392.0273742675781,86585800,none event
2022-06-02,399.4928894042969,79609600,none event
2022-06-03,392.9366455078125,71874300,none event
2022-06-06,394.1330261230469,57508900,none event
2022-06-07,397.91363525390625,59272400,none event
2022-06-08,393.58740234375,64350000,none event
2022-06-09,384.2268371582031,86289800,none event
2022-06-10,373.0859069824219,132893900,none event
2022-06-13,358.92047119140625,170004900,none event
2022-06-14,357.8389892578125,104011800,none event
2022-06-15,362.9404296875,125666800,none event
2022-06-16,350.9285888671875,134473300,none event
2022-06-17,351.68505859375,111113900,none event
2022-06-21,360.53826904296875,76811900,none event
2022-06-22,359.8846130371094,90059400,none event
2022-06-23,363.4124450683594,79292100,none event
2022-06-24,374.9666442871094,98050300,none event
2022-06-27,373.5343933105469,66009600,none event
2022-06-28,365.90203857421875,86548900,none event
2022-06-29,365.60406494140625,65676000,none event
2022-06-30,362.6338195800781,112508300,none event
2022-07-01,366.4692077636719,74839700,none event
2022-07-05,367.16131591796875,81438000,none event
2022-07-06,368.4013366699219,70426200,none event
2022-07-07,373.9189147949219,64525900,none event
2022-07-08,373.6113586425781,72397800,none event
2022-07-11,369.3433837890625,58366900,none event
2022-07-12,366.07501220703125,62219200,none event
2022-07-13,364.1525573730469,84224600,none event
2022-07-14,363.2681884765625,89704800,none event
2022-07-15,370.20849609375,79060400,none event
2022-07-18,367.15167236328125,63203600,none event
2022-07-19,377.07177734375,78506000,none event
2022-07-20,379.4749755859375,71843800,none event
2022-07-21,383.3392028808594,64903900,none event
2022-07-22,379.78253173828125,72197300,none event
2022-07-25,380.24395751953125,53631500,none event
2022-07-26,375.745361328125,52946400,none event
2022-07-27,385.5020446777344,82342100,none event
2022-07-28,390.337158203125,73966600,none event
2022-07-29,396.02777099609375,87003700,none event
2022-08-01,394.8550109863281,69997500,none event
2022-08-02,392.2500305175781,63435400,none event
2022-08-03,398.3924865722656,67820600,none event
2022-08-04,398.1233825683594,45656600,none event
2022-08-05,397.450439453125,56814900,none event
2022-08-08,396.98907470703125,53886100,none event
2022-08-09,395.41265869140625,44931800,none event
2022-08-10,403.7178649902344,68665700,none event
2022-08-11,403.7178649902344,59489700,none event
2022-08-12,410.5523986816406,61694500,none event
2022-08-15,412.24420166015625,54048300,none event
2022-08-16,413.0516052246094,59289000,none event
2022-08-17,410.11981201171875,63563400,none event
2022-08-18,411.3117980957031,49023200,none event
2022-08-19,405.7845764160156,68016900,none event
2022-08-22,397.33514404296875,77695600,none event
2022-08-23,396.3739013671875,49105200,none event
2022-08-24,397.64276123046875,49177800,none event
2022-08-25,403.2564392089844,50942300,none event
2022-08-26,389.60662841796875,103087000,none event
2022-08-29,387.0304870605469,65370800,none event
2022-08-30,382.78167724609375,85652400,none event
2022-08-31,379.8691711425781,76029700,none event
2022-09-01,381.06103515625,78740100,none event
2022-09-02,377.0429382324219,99632100,none event
2022-09-06,375.6203308105469,76637400,none event
2022-09-07,382.3683166503906,70964200,none event
2022-09-08,384.8676452636719,80821700,none event
2022-09-09,390.8466796875,76706900,none event
2022-09-12,395.0473937988281,69256300,none event
2022-09-13,377.8696594238281,122947100,none event
2022-09-14,379.31158447265625,85023700,none event
2022-09-15,375.005126953125,87633800,none event
2022-09-16,372.14422607421875,103084800,none event
2022-09-19,375.0301818847656,73278500,none event
2022-09-20,370.72540283203125,77274900,none event
2022-09-21,364.2585144042969,106746600,none event
2022-09-22,361.1988525390625,89472600,none event
2022-09-23,355.14703369140625,122346900,none event
2022-09-26,351.6336975097656,92581200,none event
2022-09-27,350.7361145019531,108294100,none event
2022-09-28,357.63726806640625,110802200,none event
2022-09-29,350.16656494140625,112952300,none event
2022-09-30,344.75177001953125,153711200,none event
2022-10-03,353.8536376953125,89756500,none event
2022-10-04,364.818359375,103602800,none event
2022-10-05,363.968994140625,88065700,none event
2022-10-06,360.21435546875,82333500,none event
2022-10-07,350.16656494140625,107789500,none event
2022-10-10,347.4929504394531,76042800,none event
2022-10-11,345.2922668457031,92482800,none event
2022-10-12,344.1533508300781,76991800,none event
2022-10-13,353.23590087890625,147254500,none event
2022-10-14,345.18609619140625,123737000,none event
2022-10-17,354.0563049316406,93168200,none event
2022-10-18,358.21636962890625,97162900,none event
2022-10-19,355.6778564453125,79746900,none event
2022-10-20,352.6954345703125,88283100,none event
2022-10-21,361.26641845703125,131038400,none event
2022-10-24,365.6870422363281,85436900,none event
2022-10-25,371.5265808105469,78846300,none event
2022-10-26,368.7273864746094,104087300,none event
2022-10-27,366.7584533691406,81971800,none event
2022-10-28,375.4838562011719,100302000,none event
2022-10-31,372.7716064453125,96631300,none event
2022-11-01,371.14044189453125,85407600,none event
2022-11-02,361.8262023925781,126990400,none event
2022-11-03,358.1005859375,87100100,none event
2022-11-04,363.2547302246094,103505200,none event
2022-11-07,366.7294921875,68286900,none event
2022-11-08,368.7081604003906,84641100,none event
2022-11-09,361.1120300292969,78495500,none event
2022-11-10,380.95660400390625,141455800,none event
2022-11-11,384.6437072753906,93839900,none event
2022-11-14,381.3716125488281,71903500,none event
2022-11-15,384.62432861328125,93194500,none event
2022-11-16,381.6901550292969,68508500,none event
2022-11-17,380.5222473144531,74496300,none event
2022-11-18,382.24993896484375,92922500,none event
2022-11-21,380.86004638671875,51243200,none event
2022-11-22,385.9852600097656,60429000,none event
2022-11-23,388.4176330566406,68261600,none event
2022-11-25,388.33074951171875,30545400,none event
2022-11-28,382.1341552734375,67881600,none event
2022-11-29,381.4778137207031,52310000,none event
2022-11-30,393.4945983886719,144566700,none event
2022-12-01,393.20501708984375,76398200,none event
2022-12-02,392.7514343261719,85342700,none event
2022-12-05,385.68603515625,77289800,none event
2022-12-06,380.12646484375,77972200,none event
2022-12-07,379.4798278808594,65927900,none event
2022-12-08,382.4526672363281,60737900,none event
2022-12-09,379.5956726074219,81447700,none event
2022-12-12,385.068359375,75405800,none event
2022-12-13,387.9832458496094,123782500,none event
2022-12-14,385.502685546875,108111300,none event
2022-12-15,376.0726013183594,117705900,none event
2022-12-16,371.6326904296875,119858000,none event
2022-12-19,368.4813537597656,79878100,none event
2022-12-20,368.9855651855469,74427200,none event
2022-12-21,374.5028381347656,78167400,none event
2022-12-22,369.16015625,100120900,none event
2022-12-23,371.28363037109375,59857300,none event
2022-12-27,369.8194274902344,51638200,none event
2022-12-28,365.2233581542969,70911500,none event
2022-12-29,371.79754638671875,66970900,none event
2022-12-30,370.81817626953125,84022200,none event
2023-01-03,369.257080078125,74850700,none event
2023-01-04,372.1078186035156,85934100,none event
2023-01-05,367.8608093261719,76970500,none event
2023-01-06,376.296630859375,104189600,none event
2023-01-09,376.0832824707031,73978100,none event
2023-01-10,378.720703125,65358100,none event
2023-01-11,383.5107421875,68881100,none event
2023-01-12,384.906982421875,90157700,none event
2023-01-13,386.4002380371094,63903900,none event
2023-01-17,385.69244384765625,62677300,none event
2023-01-18,379.6031188964844,99632300,none event
2023-01-19,376.8396301269531,86958900,none event
2023-01-20,383.85980224609375,91806400,none event
2023-01-23,388.465576171875,84178800,none event
2023-01-24,388.0487060546875,59524900,none event
2023-01-25,388.194091796875,84800300,none event
2023-01-26,392.4604797363281,72287400,none event
2023-01-27,393.3622131347656,68346200,none event
2023-01-30,388.4267883300781,74202000,none event
2023-01-31,394.137939453125,86811800,none event
2023-02-01,398.32672119140625,101459200,none event
2023-02-02,404.125244140625,101654500,none event
2023-02-03,399.8297424316406,94736800,none event
2023-02-06,397.3862609863281,60295300,none event
2023-02-07,402.5835266113281,90990700,none event
2023-02-08,398.18133544921875,76227500,none event
2023-02-09,394.72943115234375,78694900,none event
2023-02-10,395.65057373046875,70769700,none event
2023-02-13,400.2951354980469,64913500,none event
2023-02-14,400.1109619140625,88389300,none event
2023-02-15,401.4102783203125,61555700,none event
2023-02-16,395.8833312988281,76431500,none event
2023-02-17,394.894287109375,89257800,none event
2023-02-21,386.9723205566406,82655900,none event
2023-02-22,386.4390563964844,83742300,none event
2023-02-23,388.49462890625,96242400,none event
2023-02-24,384.3446044921875,108194400,none event
2023-02-27,385.6536865234375,80444700,none event
2023-02-28,384.228271484375,96438600,none event
2023-03-01,382.75445556640625,99706800,none event
2023-03-02,385.73126220703125,85127800,none event
2023-03-03,391.91748046875,90120000,none event
2023-03-06,392.1889953613281,72795900,none event
2023-03-07,386.17718505859375,108310600,none event
2023-03-08,386.8075256347656,74746600,none event
2023-03-09,379.6709899902344,111945300,none event
2023-03-10,374.1925048828125,189253000,none event
2023-03-13,373.6592102050781,157790000,none event
2023-03-14,379.8358154296875,149752400,none event
2023-03-15,377.4601745605469,172996900,none event
2023-03-16,384.0827941894531,143254200,none event
2023-03-17,379.59185791015625,140553400,none event
2023-03-20,383.24188232421875,93055800,none event
2023-03-21,388.2740478515625,91524200,none event
2023-03-22,381.65533447265625,111746600,none event
2023-03-23,382.6871032714844,119351300,none event
2023-03-24,385.1982727050781,107682400,none event
2023-03-27,385.9185791015625,74010400,none event
2023-03-28,385.0522766113281,62871700,none event
2023-03-29,390.64898681640625,77497900,none event
2023-03-30,392.93634033203125,69840000,none event
2023-03-31,398.474609375,112062600,none event
2023-04-03,399.9930114746094,67391100,none event
2023-04-04,397.7737731933594,66601500,none event
2023-04-05,396.7322998046875,65200200,none event
2023-04-06,398.2799377441406,63743300,none event
2023-04-10,398.6886901855469,63681000,none event
2023-04-11,398.7958068847656,59297900,none event
2023-04-12,397.17034912109375,86420400,none event
2023-04-13,402.4457702636719,85814800,none event
2023-04-14,401.46270751953125,78161500,none event
2023-04-17,402.9033203125,66436400,none event
2023-04-18,403.16607666015625,63560000,none event
2023-04-19,403.0980224609375,55227300,none event
2023-04-20,400.8982238769531,75840400,none event
2023-04-21,401.2096862792969,73457400,none event
2023-04-24,401.62823486328125,64332100,none event
2023-04-25,395.2528076171875,97766700,none event
2023-04-26,393.5787048339844,80447000,none event
2023-04-27,401.4140625,92968400,none event
2023-04-28,404.8402404785156,89335600,none event
2023-05-01,404.431396484375,62122300,none event
2023-05-02,399.88592529296875,103998500,none event
2023-05-03,397.14111328125,91531800,none event
2023-05-04,394.3281555175781,94901900,none event
2023-05-05,401.62823486328125,87844000,none event
2023-05-08,401.73529052734375,50046800,none event
2023-05-09,399.9735412597656,49220100,none event
2023-05-10,401.84234619140625,96142900,none event
2023-05-11,401.1416015625,70157100,none event
2023-05-12,400.615966796875,70439400,none event
2023-05-15,401.99810791015625,54289400,none event
2023-05-16,399.3116760253906,57705500,none event
2023-05-17,404.15887451171875,87287000,none event
2023-05-18,408.0522766113281,97177200,none event
2023-05-19,407.45849609375,103679700,none event
2023-05-22,407.6239929199219,60745400,none event
2023-05-23,403.04925537109375,86383500,none event
2023-05-24,400.12921142578125,89213700,none event
2023-05-25,403.5943298339844,90961600,none event
2023-05-26,408.8211364746094,93830000,none event
2023-05-30,408.9768981933594,72216000,none event
2023-05-31,406.70904541015625,110811800,none event
2023-06-01,410.5732727050781,88865000,none event
2023-06-02,416.51055908203125,91366700,none event
2023-06-05,415.71240234375,65460200,none event
2023-06-06,416.6175842285156,64022200,none event
2023-06-07,415.17706298828125,85373300,none event
2023-06-08,417.68829345703125,61952800,none event
2023-06-09,418.437744140625,85742800,none event
2023-06-12,422.2337951660156,76104300,none event
2023-06-13,425.017578125,95899700,none event
2023-06-14,425.52362060546875,100612100,none event
2023-06-15,430.7991638183594,110303100,none event
2023-06-16,429.33172607421875,114121300,none event
2023-06-20,427.104248046875,76160400,none event
2023-06-21,424.91595458984375,76982300,none event
2023-06-22,426.44976806640625,70637200,none event
2023-06-23,423.2257995605469,92074500,none event
2023-06-26,421.4966125488281,72823600,none event
2023-06-27,426.1175537109375,72813700,none event
2023-06-28,426.33251953125,75636000,none event
2023-06-29,428.0128173828125,67882300,none event
2023-06-30,433.063720703125,104921500,none event
2023-07-03,433.56195068359375,32793400,none event
2023-07-05,432.9171447753906,58418400,none event
2023-07-06,429.52716064453125,80658300,none event
2023-07-07,428.4427185058594,86076100,none event
2023-07-10,429.52716064453125,62443500,none event
2023-07-11,432.26263427734375,64463800,none event
2023-07-12,435.74053955078125,91924500,none event
2023-07-13,439.198974609375,72425200,none event
2023-07-14,438.9254455566406,69761800,none event
2023-07-17,440.449462890625,52680200,none event
2023-07-18,443.7223205566406,80744400,none event
2023-07-19,444.708984375,65891700,none event
2023-07-20,441.7585754394531,70591600,none event
2023-07-21,441.7585754394531,71245400,none event
2023-07-24,443.7320861816406,54023400,none event
2023-07-25,444.9434509277344,55191200,none event
2023-07-26,445.0118103027344,71052900,none event
2023-07-27,442.06146240234375,92194400,none event
2023-07-28,446.3893737792969,80011800,none event
2023-07-31,447.23931884765625,62040400,none event
2023-08-01,445.95947265625,55291500,none event
2023-08-02,439.75579833984375,93933400,none event
2023-08-03,438.49554443359375,64276100,none event
2023-08-04,436.5123596191406,100052300,none event
2023-08-07,440.3224792480469,58357500,none event
2023-08-08,438.4076232910156,71361300,none event
2023-08-09,435.4767761230469,78789600,none event
2023-08-10,435.63311767578125,93005500,none event
2023-08-11,435.3791198730469,68664600,none event
2023-08-14,437.7823486328125,47867400,none event
2023-08-15,432.6827087402344,75707500,none event
2023-08-16,429.50762939453125,80107200,none event
2023-08-17,426.2347717285156,95711300,none event
2023-08-18,426.44000244140625,98758400,none event
2023-08-21,429.2145080566406,68719000,none event
2023-08-22,428.05194091796875,65062900,none event
2023-08-23,432.8194885253906,68441000,none event
2023-08-24,426.82098388671875,88517300,none event
2023-08-25,429.83001708984375,102325100,none event
2023-08-28,432.5556945800781,61595400,none event
2023-08-29,438.8082275390625,83081900,none event
2023-08-30,440.6155700683594,69053900,none event
2023-08-31,439.97076416015625,66084600,none event
2023-09-01,440.7914123535156,58875700,none event
2023-09-05,438.8863220214844,55166200,none event
2023-09-06,435.9359436035156,70758500,none event
2023-09-07,434.5975341796875,70355400,none event
2023-09-08,435.2520751953125,61659700,none event
2023-09-11,438.11456298828125,60180100,none event
2023-09-12,435.71124267578125,67565400,none event
2023-09-13,436.2192687988281,60199300,none event
2023-09-14,439.98052978515625,83430800,none event
2023-09-15,434.67950439453125,111761400,none event
2023-09-18,434.9344177246094,55752200,none event
2023-09-19,434.03240966796875,66514600,none event
2023-09-20,430.042236328125,82562600,none event
2023-09-21,422.9343566894531,103976100,none event
2023-09-22,421.9833679199219,100829700,none event
2023-09-25,423.75787353515625,70874500,none event
2023-09-26,417.5323181152344,96168400,none event
2023-09-27,417.6990051269531,104705800,none event
2023-09-28,420.12060546875,92258300,none event
2023-09-29,419.1009521484375,115078500,none event
2023-10-02,418.93426513671875,83798600,none event
2023-10-03,413.326416015625,103760600,none event
2023-10-04,416.33624267578125,87453000,none event
2023-10-05,416.17938232421875,70142700,none event
2023-10-06,421.1205749511719,113202700,none event
2023-10-09,423.81671142578125,80374400,none event
2023-10-10,426.0225830078125,78607300,none event
2023-10-11,427.7677307128906,62451700,none event
2023-10-12,425.15985107421875,81154200,none event
2023-10-13,423.04217529296875,95143100,none event
2023-10-16,427.4931945800781,75433200,none event
2023-10-17,427.47357177734375,75324700,none event
2023-10-18,421.7774353027344,93559800,none event
2023-10-19,418.07159423828125,121323000,none event
2023-10-20,412.93426513671875,123845800,none event
2023-10-23,412.21856689453125,92035100,none event
2023-10-24,415.326416015625,78564200,none event
2023-10-25,409.3656005859375,94223200,none event
2023-10-26,404.4635925292969,115156800,none event
2023-10-27,402.6302490234375,107367700,none event
2023-10-30,407.4440612792969,86562700,none event
2023-10-31,410.00286865234375,79665200,none event
2023-11-01,414.3754577636719,98068100,none event
2023-11-02,422.31671142578125,94938900,none event
2023-11-03,426.16961669921875,100110800,none event
2023-11-06,427.1500549316406,67831700,none event
2023-11-07,428.36572265625,64256100,none event
2023-11-08,428.67950439453125,61746000,none event
2023-11-09,425.3362731933594,83174400,none event
2023-11-10,431.9736022949219,89462200,none event
2023-11-13,431.5618591308594,52236100,none event
2023-11-14,439.9344482421875,97176900,none event
2023-11-15,440.8658142089844,77327600,none event
2023-11-16,441.4050598144531,66665800,none event
2023-11-17,441.9541015625,83133200,none event
2023-11-20,445.35601806640625,69936200,none event
2023-11-21,444.385498046875,49244600,none event
2023-11-22,446.10113525390625,59394900,none event
2023-11-24,446.37567138671875,29737400,none event
2023-11-27,445.5717468261719,50506000,none event
2023-11-28,446.012939453125,62115000,none event
2023-11-29,445.69915771484375,63146000,none event
2023-11-30,447.4541015625,79752700,none event
2023-12-01,450.1011962890625,89097900,none event
2023-12-04,447.7384338378906,72430900,none event
2023-12-05,447.6501770019531,69793500,none event
2023-12-06,445.84625244140625,69124700,none event
2023-12-07,449.24822998046875,66995400,none event
2023-12-08,451.1795959472656,83080900,none event
2023-12-11,452.9345703125,65002200,none event
2023-12-12,455.0032043457031,68327600,none event
2023-12-13,461.2777404785156,93278000,none event
2023-12-14,462.7581481933594,119026000,none event
2023-12-15,461.9961853027344,141319300,none event
2023-12-18,464.594970703125,70375300,none event
2023-12-19,467.42010498046875,55761800,none event
2023-12-20,460.9429626464844,102921000,none event
2023-12-21,465.31353759765625,86667500,none event
2023-12-22,466.24871826171875,67126600,none event
2023-12-26,468.21746826171875,55387000,none event
2023-12-27,469.0640563964844,68000300,none event
2023-12-28,469.2412414550781,77158100,none event
2023-12-29,467.8827819824219,122234100,none event
2024-01-02,465.2643127441406,123623700,none event
2024-01-03,461.4646911621094,103585900,none event
2024-01-04,459.978271484375,84232200,none event
2024-01-05,460.6082763671875,86060800,none event
2024-01-08,467.1838684082031,74879100,none event
2024-01-09,466.47509765625,65931400,none event
2024-01-10,469.11322021484375,67310600,none event
2024-01-11,468.90655517578125,77940700,none event
2024-01-12,469.23138427734375,57944000,none event
2024-01-16,467.5086669921875,85014900,none event
2024-01-17,464.90997314453125,68843900,none event
2024-01-18,469.0443420410156,91856200,none event
2024-01-19,474.8915100097656,110733300,none event
2024-01-22,475.8955993652344,75844900,none event
2024-01-23,477.2835388183594,49945300,none event
2024-01-24,477.8052978515625,81765000,none event
2024-01-25,480.4040222167969,72525000,none event
2024-01-26,479.793701171875,76641600,none event
2024-01-29,483.59332275390625,61322800,none event
2024-01-30,483.2193298339844,58618400,none event
2024-01-31,475.33447265625,126011100,none event
2024-02-01,481.5557556152344,91891600,none event
2024-02-02,486.6252746582031,99147700,none event
2024-02-05,484.8533935546875,75757100,none event
2024-02-06,486.26104736328125,55918600,none event
2024-02-07,490.316650390625,70556500,none event
2024-02-08,490.5332336425781,52343600,none event
2024-02-09,493.3682556152344,63979400,none event
2024-02-12,493.15167236328125,56502300,none event
2024-02-13,486.3594665527344,113099200,none event
2024-02-14,490.7793273925781,68387800,none event
2024-02-15,494.16558837890625,61683000,none event
2024-02-16,491.7046203613281,75461200,none event
2024-02-20,488.99761962890625,71736700,none event
2024-02-21,489.4405517578125,59603800,none event
2024-02-22,499.5697326660156,76402500,none event
2024-02-23,499.9142761230469,61321800,none event
2024-02-26,498.0833435058594,50386700,none event
2024-02-27,499.0086669921875,48854500,none event
2024-02-28,498.3491516113281,56506600,none event
2024-02-29,500.1407470703125,83924800,none event
2024-03-01,504.8361511230469,76805900,none event
2024-03-04,504.29473876953125,49799300,none event
2024-03-05,499.2547607421875,72855600,none event
2024-03-06,501.78460693359375,68382400,none event
2024-03-07,506.7655029296875,58652100,none event
2024-03-08,503.7238464355469,86425500,none event
2024-03-11,503.29071044921875,62557200,none event
2024-03-12,508.7048034667969,73114400,none event
2024-03-13,507.90740966796875,55104100,none event
2024-03-14,506.90338134765625,110171800,none event
2024-03-15,503.4226989746094,107585800,none event
2024-03-18,506.4145812988281,88893300,none event
2024-03-19,509.22882080078125,60755300,none event
2024-03-20,513.9389038085938,69594600,none event
2024-03-21,515.6372680664062,60256100,none event
2024-03-22,514.65966796875,79023000,none event
2024-03-25,513.23779296875,48512100,none event
2024-03-26,512.2898559570312,65463700,none event
2024-03-27,516.594970703125,82999800,none event
2024-03-28,516.4962768554688,96294900,none event
2024-04-01,515.59765625,62477500,none event
2024-04-02,512.3194580078125,74230300,none event
2024-04-03,512.8822631835938,59155800,none event
2024-04-04,506.6219787597656,96858100,none event
2024-04-05,511.9146423339844,74482100,none event
2024-04-08,512.2008666992188,48401800,none event
2024-04-09,512.7933959960938,68124400,none event
2024-04-10,507.65875244140625,82652800,none event
2024-04-11,511.489990234375,70099000,none event
2024-04-12,504.4298400878906,92469100,none event
2024-04-15,498.1103210449219,92101400,none event
2024-04-16,497.2018737792969,73484000,none event
2024-04-17,494.2593078613281,75910300,none event
2024-04-18,493.2422180175781,74548100,none event
2024-04-19,488.9370422363281,102129100,none event
2024-04-22,493.4397277832031,67961000,none event
2024-04-23,499.2951965332031,64633600,none event
2024-04-24,499.0582275390625,55928100,none event
2024-04-25,497.162353515625,69122400,none event
2024-04-26,501.8724365234375,64306100,none event
2024-04-29,503.6498107910156,46415400,none event
2024-04-30,495.6713562011719,77483600,none event
2024-05-01,494.0618591308594,80242800,none event
2024-05-02,498.6829833984375,62550200,none event
2024-05-03,504.8643798828125,72756700,none event
2024-05-06,510.0780334472656,47264700,none event
2024-05-07,510.6408386230469,52561300,none event
2024-05-08,510.690185546875,42047200,none event
2024-05-09,513.6327514648438,43643700,none event
2024-05-10,514.2943725585938,52233200,none event
2024-05-13,514.3634033203125,36716400,none event
2024-05-14,516.723388671875,57535900,none event
2024-05-15,523.1219482421875,59504900,none event
2024-05-16,522.045654296875,50244800,none event
2024-05-17,522.7960815429688,59187600,none event
2024-05-20,523.3984375,37764200,none event
2024-05-21,524.6820068359375,33437000,none event
2024-05-22,523.17138671875,48390000,none event
2024-05-23,519.3499755859375,57211200,none event
2024-05-24,522.7862548828125,41258400,none event
2024-05-28,523.151611328125,36269600,none event
2024-05-29,519.4882202148438,45190300,none event
2024-05-30,516.0419921875,46468500,none event
2024-05-31,520.7422485351562,90785800,none event
2024-06-03,521.1668090820312,46835700,none event
2024-06-04,521.7493896484375,34632700,none event
2024-06-05,527.9505004882812,47610400,none event
2024-06-06,527.9406127929688,30808500,none event
2024-06-07,527.298828125,43224500,none event
2024-06-10,528.927978515625,35729300,none event
2024-06-11,530.2018432617188,36383400,none event
2024-06-12,534.5564575195312,63251300,none event
2024-06-13,535.6327514648438,44760900,none event
2024-06-14,535.9586791992188,40089900,none event
2024-06-17,540.2242431640625,55839500,none event
2024-06-18,541.5968627929688,41376400,none event
2024-06-20,540.1255493164062,70328200,none event
2024-06-21,539.4014282226562,64513900,none event
2024-06-24,537.64794921875,45528700,none event
2024-06-25,539.7184448242188,38273300,none event
2024-06-26,540.3920288085938,38550600,none event
2024-06-27,541.2439575195312,35041500,none event
2024-06-28,539.1141357421875,76144500,none event
2024-07-01,540.2236328125,40297800,none event
2024-07-02,543.8591918945312,40434800,none event
2024-07-03,546.2862548828125,32789900,none event
2024-07-05,549.4363403320312,41488400,none event
2024-07-08,550.0703735351562,36110500,none event
2024-07-09,550.6052856445312,27289700,none event
2024-07-10,556.0537719726562,38701200,none event
2024-07-11,551.2590942382812,53054200,none event
2024-07-12,554.7361450195312,53084400,none event
2024-07-15,556.2617797851562,40584300,none event
2024-07-16,559.5604248046875,36475300,none event
2024-07-17,551.7147827148438,57119000,none event
2024-07-18,547.4749145507812,56270400,none event
2024-07-19,543.83935546875,65509100,none event
2024-07-22,549.4463500976562,43346700,none event
2024-07-23,548.5844116210938,34439600,none event
2024-07-24,536.1521606445312,74515300,none event
2024-07-25,533.3585815429688,61158300,none event
2024-07-26,539.3320922851562,53763800,none event
2024-07-29,539.6490478515625,39515800,none event
2024-07-30,536.9149169921875,46853600,none event
2024-07-31,545.642333984375,65663400,none event
2024-08-01,537.91552734375,76428700,none event
2024-08-02,527.9003295898438,82789100,none event
2024-08-05,512.5259399414062,146267400,none event
2024-08-06,517.251220703125,84826300,none event
2024-08-07,513.7939453125,70698300,none event
2024-08-08,525.6714477539062,63276600,none event
2024-08-09,527.989501953125,45619600,none event
2024-08-12,528.2669067382812,42542100,none event
2024-08-13,536.9545288085938,52333100,none event
2024-08-14,538.6485595703125,42446900,none event
2024-08-15,547.881103515625,60846800,none event
2024-08-16,549.1094360351562,44430700,none event
2024-08-19,554.3597412109375,39121800,none event
2024-08-20,553.4583129882812,33732300,none event
2024-08-21,555.3602905273438,41514600,none event
2024-08-22,551.0015258789062,56121500,none event
2024-08-23,556.8560791015625,50639400,none event
2024-08-26,555.5286254882812,35788600,none event
2024-08-27,556.2914428710938,32693900,none event
2024-08-28,553.0620727539062,41066000,none event
2024-08-29,553.1115112304688,38715200,none event
2024-08-30,558.3915405273438,62700100,none event
2024-09-03,546.9003295898438,60600100,none event
2024-09-04,545.781005859375,47224900,none event
2024-09-05,544.4534912109375,44264300,none event
2024-09-06,535.2903442382812,68493800,none event
2024-09-09,541.2835693359375,40445800,none event
2024-09-10,543.6412353515625,36394600,none event
2024-09-11,549.2183837890625,75248600,none event
2024-09-12,553.8446044921875,51892700,none event
2024-09-13,556.7372436523438,39310500,none event
2024-09-16,557.5594482421875,36656100,none event
2024-09-17,557.7872924804688,49321000,none event
2024-09-18,556.1329956054688,59044900,none event
2024-09-19,565.6231079101562,75315500,none event
2024-09-20,564.6453247070312,77503100,none event
2024-09-23,566.0562744140625,44116900,none event
2024-09-24,567.6759643554688,46805700,none event
2024-09-25,566.4239501953125,38428600,none event
2024-09-26,568.6696166992188,48336000,none event
2024-09-27,567.8448486328125,42100900,none event
2024-09-30,570.120361328125,63557400,none event
2024-10-01,565.0130004882812,72668800,none event
2024-10-02,565.2514038085938,38097800,none event
2024-10-03,564.218017578125,40846500,none event
2024-10-04,569.3453369140625,42939100,none event
2024-10-07,564.1981201171875,49964700,none event
2024-10-08,569.5340576171875,37398700,none event
2024-10-09,573.4789428710938,37912200,none event
2024-10-10,572.475341796875,44138100,none event
2024-10-11,575.9034423828125,42268000,none event
2024-10-14,580.6133422851562,36217200,none event
2024-10-15,576.1021728515625,54203600,none event
2024-10-16,578.606201171875,30725400,none event
2024-10-17,578.6558227539062,34393700,none event
2024-10-18,580.8816528320312,37416800,none event
2024-10-21,579.927734375,36439000,none event
2024-10-22,579.6196899414062,34183800,none event
2024-10-23,574.323486328125,49314600,none event
2024-10-24,575.5656127929688,34979900,none event
2024-10-25,575.3668823242188,47268200,none event
2024-10-28,577.1455078125,30174700,none event
2024-10-29,578.07958984375,42899700,none event
2024-10-30,576.3306884765625,41435800,none event
2024-10-31,565.0328369140625,60182500,none event
2024-11-01,567.4176025390625,45667500,none event
2024-11-04,566.1953735351562,38217000,none event
2024-11-05,573.041748046875,39478300,none event
2024-11-06,587.2907104492188,68182000,none event
2024-11-07,591.831787109375,47233200,none event
2024-11-08,594.3953857421875,46444900,none event
2024-11-11,594.9617919921875,37586800,none event
2024-11-12,593.1135864257812,43006100,none event
2024-11-13,593.4017333984375,47388600,none event
2024-11-14,589.5860595703125,38904100,none event
2024-11-15,582.0343017578125,75988800,none event
2024-11-18,584.4190673828125,37084100,none event
2024-11-19,586.555419921875,49412000,none event
2024-11-20,586.7542114257812,50032600,none event
2024-11-21,589.904052734375,46750300,none event
2024-11-22,591.7323608398438,38226400,none event
2024-11-25,593.7395629882812,42441400,none event
2024-11-26,596.8397827148438,45621300,none event
2024-11-27,595.0313110351562,34000200,none event
2024-11-29,598.7276611328125,30177400,none event
2024-12-02,599.8008422851562,31746000,none event
2024-12-03,600.0791015625,26906600,none event
2024-12-04,603.8052368164062,42787600,none event
2024-12-05,602.8116455078125,28762200,none event
2024-12-06,603.954345703125,31241500,none event
2024-12-09,600.84423828125,34742700,none event
2024-12-10,598.9761352539062,37234500,none event
2024-12-11,603.6065673828125,28677700,none event
2024-12-12,600.4964599609375,31543800,none event
2024-12-13,600.377197265625,35904700,none event
2024-12-16,602.9407958984375,43695200,none event
2024-12-17,600.4566650390625,55773500,none event
2024-12-18,582.5609741210938,108248700,none event
2024-12-19,582.382080078125,85919500,none event
2024-12-20,589.3770751953125,125716700,none event
2024-12-23,592.9064331054688,57635800,none event
2024-12-24,599.49658203125,33160100,none event
2024-12-26,599.5364990234375,41219100,none event
2024-12-27,593.2254638671875,64969300,none event
2024-12-30,586.455810546875,56578800,none event
2024-12-31,584.322265625,57052700,none event
2025-01-02,582.8865966796875,50204000,none event
2025-01-03,590.1746215820312,37888500,none event
2025-01-06,593.5744018554688,47679400,none event
2025-01-07,586.8646240234375,60393100,none event
2025-01-08,587.7219848632812,47304700,none event
2025-01-10,578.7489624023438,73105000,none event
2025-01-13,579.6463012695312,47910100,none event
2025-01-14,580.4439086914062,48420600,none event
2025-01-15,591.002197265625,56900200,none event
2025-01-16,589.8656005859375,43319700,none event
2025-01-17,595.7877807617188,58070600,none event
2025-01-21,601.2413330078125,42532900,none event
2025-01-22,604.6211547851562,48196000,none event
2025-01-23,607.9212646484375,41152100,none event
2025-01-24,606.1465454101562,34604700,none event
2025-01-27,597.5723876953125,70361100,none event
2025-01-28,602.7069702148438,44433300,none event
2025-01-29,600.0050659179688,37177400,none event
2025-01-30,603.225341796875,39281300,none event
2025-01-31,600.0150146484375,66671500,none event
2025-02-03,595.9771728515625,65857200,none event
2025-02-04,599.9751586914062,33457800,none event
2025-02-05,602.4077758789062,30653100,none event
2025-02-06,604.5015258789062,35771500,none event
2025-02-07,598.9682006835938,50788500,none event
2025-02-10,603.035888671875,26048700,none event
2025-02-11,603.4945678710938,30056700,none event
2025-02-12,601.5504150390625,45076100,none event
2025-02-13,607.9013061523438,40921300,none event
2025-02-14,607.8713989257812,26910400,none event
2025-02-18,609.656005859375,26749000,none event
2025-02-19,611.0916748046875,31011100,none event
2025-02-20,608.5493774414062,36554000,none event
2025-02-21,598.1406860351562,76519800,none event
2025-02-24,595.4188842773438,50737200,none event
2025-02-25,592.457763671875,58266500,none event
2025-02-26,592.7568359375,43321600,none event
2025-02-27,583.2952880859375,74196700,none event
2025-02-28,592.39794921875,88744100,none event
2025-03-03,582.0191650390625,74249200,none event
2025-03-04,575.1298828125,109648200,none event
2025-03-05,581.311279296875,71230500,none event
2025-03-06,570.9923706054688,80094900,none event
2025-03-07,574.1926879882812,81158800,none event
2025-03-10,558.8987426757812,99326600,none event
2025-03-11,554.252685546875,88102100,none event
2025-03-12,557.19384765625,69588200,none event
2025-03-13,549.7661743164062,74079400,none event
2025-03-14,561.1220092773438,62660300,none event
2025-03-17,565.4490356445312,49008700,none event
2025-03-18,559.33740234375,66041400,none event
2025-03-19,565.4290771484375,66556000,none event
2025-03-20,563.7940063476562,62958200,none event
2025-03-21,563.97998046875,83763000,none event
2025-03-24,574.0800170898438,58766800,none event
2025-03-25,575.4600219726562,38355700,none event
2025-03-26,568.5900268554688,51848300,none event
2025-03-27,567.0800170898438,42164200,none event
2025-03-28,555.6599731445312,71662700,none event
